Designator,Footprint,Quantity,Value,LCSC Part #
C1,0805,1,0.1uF,C49678
C2,0805,1,0.1uF,C49678
C3,0805,1,0.1uF,C49678
C4,0805,1,0.1uF,C49678
D1,0805,1,PWR,C84256
D2,0805,1,RX,C84256
D3,0805,1,TX,C84256
F1,0805,1,Fuse,C135327
J1,USB_C_Receptacle_HRO_TYPE-C-31-M-12,1,USB_C_Receptacle_USB2.0,C2765186
J2,JST_PH_S4B-XH-SM4-TB_1x04-1MP_P2.50mm_Horizontal,1,Conn_01x04_MountingPin,C722701
R1,0805,1,1k,C17513
R2,0805,1,1k,C17513
R3,0805,1,1k,C17513
R4,0805,1,5K1,C27834
R5,0805,1,5K1,C27834
U1,SOT-23-3,1,XC6206PxxxMR,C5446
U2,SOIC-8_3.9x4.9mm_P1.27mm,1,CH340N,C2977777
